{"cameraMode":{"drawMode":0,"name":"Shaded","section":"Shading Mode"},"sceneLighting":false,"audioPlay":false,"sceneViewState":{"showFog":false,"showMaterialUpdate":false,"showSkybox":false,"showFlares":false,"showImageEffects":false,"showParticleSystems":false},"in2DMode":false,"pivot":{"x":-0.006056487560272217,"y":0.5657104253768921,"z":0.07204321026802063},"rotation":{"x":-0.10438977926969528,"y":-0.2582515776157379,"z":0.028087444603443147,"w":-0.9600395560264587},"size":0.6562817096710205,"orthographic":false}