{"cameraMode":{"drawMode":0,"name":"Shaded","section":"Shading Mode"},"sceneLighting":false,"audioPlay":false,"sceneViewState":{"showFog":true,"showMaterialUpdate":false,"showSkybox":false,"showFlares":true,"showImageEffects":true,"showParticleSystems":true},"in2DMode":false,"pivot":{"x":-0.685899019241333,"y":0.4059382677078247,"z":-1.1759692430496216},"rotation":{"x":-0.028724776580929757,"y":-0.5418456196784973,"z":-0.018531039357185365,"w":0.8397901654243469},"size":4.882962226867676,"orthographic":false}