{"cameraMode":{"drawMode":0,"name":"Shaded","section":"Shading Mode"},"sceneLighting":false,"audioPlay":false,"sceneViewState":{"showFog":true,"showMaterialUpdate":false,"showSkybox":false,"showFlares":true,"showImageEffects":true,"showParticleSystems":true},"in2DMode":false,"pivot":{"x":-10.767019271850586,"y":1.0501747131347657,"z":6.100199222564697},"rotation":{"x":0.11236230283975601,"y":-0.23177161812782288,"z":0.026963483542203904,"w":0.9658901691436768},"size":12.34855842590332,"orthographic":false}