{"cameraMode":{"drawMode":0,"name":"Shaded","section":"Shading Mode"},"sceneLighting":false,"audioPlay":false,"sceneViewState":{"showFog":true,"showMaterialUpdate":false,"showSkybox":false,"showFlares":true,"showImageEffects":true,"showParticleSystems":true},"in2DMode":false,"pivot":{"x":0.06816911697387696,"y":1.1440000534057618,"z":0.0},"rotation":{"x":0.19848069548606873,"y":0.0058768694289028648,"z":-0.0011888234876096249,"w":0.9800929427146912},"size":5.056335926055908,"orthographic":false}