{"cameraMode":{"drawMode":0,"name":"Shaded","section":"Shading Mode"},"sceneLighting":true,"audioPlay":false,"sceneViewState":{"showFog":true,"showMaterialUpdate":false,"showSkybox":true,"showFlares":true,"showImageEffects":true,"showParticleSystems":true},"in2DMode":false,"pivot":{"x":4.278589248657227,"y":-2.9782896041870119,"z":7.28215217590332},"rotation":{"x":-0.21671375632286073,"y":-0.2601791322231293,"z":0.06004917994141579,"w":-0.9390490055084229},"size":12.986821174621582,"orthographic":false}