{"cameraMode":{"drawMode":0,"name":"Shaded","section":"Shading Mode"},"sceneLighting":true,"audioPlay":false,"sceneViewState":{"showFog":true,"showMaterialUpdate":false,"showSkybox":false,"showFlares":true,"showImageEffects":true,"showParticleSystems":true},"in2DMode":false,"pivot":{"x":-0.986176609992981,"y":-0.08508238196372986,"z":15.010430335998536},"rotation":{"x":0.08211809396743775,"y":-0.6340662837028503,"z":0.06798364967107773,"w":0.7659026980400086},"size":3.2781074047088625,"orthographic":false}