{"cameraMode":{"drawMode":0,"name":"Shaded","section":"Shading Mode"},"sceneLighting":false,"audioPlay":false,"sceneViewState":{"showFog":true,"showMaterialUpdate":false,"showSkybox":false,"showFlares":true,"showImageEffects":true,"showParticleSystems":true},"in2DMode":false,"pivot":{"x":0.0,"y":0.25212177634239199,"z":1.4901161193847657e-8},"rotation":{"x":-0.2722395062446594,"y":-0.2437184453010559,"z":0.07147271186113358,"w":-0.9281424880027771},"size":2.2958054542541506,"orthographic":false}