{"cameraMode":{"drawMode":0,"name":"Shaded","section":"Shading Mode"},"sceneLighting":true,"audioPlay":false,"sceneViewState":{"showFog":true,"showMaterialUpdate":false,"showSkybox":false,"showFlares":true,"showImageEffects":true,"showParticleSystems":true},"in2DMode":false,"pivot":{"x":-0.3187822103500366,"y":1.2015578746795655,"z":-1.1906503438949586},"rotation":{"x":-0.00012381690612528473,"y":0.9976471662521362,"z":-0.0018056768458336592,"w":-0.06864664703607559},"size":2.4448299407958986,"orthographic":false}